Bitcoin,BTC,1/1/2018,2.33552E+11,13921.48064
Bitcoin,BTC,1/2/2018,2.25917E+11,13464.65361
Bitcoin,BTC,1/3/2018,2.47584E+11,14754.3222
Bitcoin,BTC,1/4/2018,2.51911E+11,15010.28616
Bitcoin,BTC,1/5/2018,2.52945E+11,15070.3008
Bitcoin,BTC,1/6/2018,2.85323E+11,16997.22741
Bitcoin,BTC,1/7/2018,2.87143E+11,17103.58928
Bitcoin,BTC,1/8/2018,2.72539E+11,16231.695
Bitcoin,BTC,1/9/2018,2.50838E+11,14937.41509
Bitcoin,BTC,1/10/2018,2.41483E+11,14378.58622
Bitcoin,BTC,1/11/2018,2.46398E+11,14669.08827
Bitcoin,BTC,1/12/2018,2.21528E+11,13186.75494
Bitcoin,BTC,1/13/2018,2.31679E+11,13789.44366
Bitcoin,BTC,1/14/2018,2.39129E+11,14231.22506
Bitcoin,BTC,1/15/2018,2.2991E+11,13681.06546
Bitcoin,BTC,1/16/2018,2.28435E+11,13591.6962
Bitcoin,BTC,1/17/2018,1.92145E+11,11431.04011
Bitcoin,BTC,1/18/2018,1.87607E+11,11159.60859
Bitcoin,BTC,1/19/2018,1.89083E+11,11246.03973
Bitcoin,BTC,1/20/2018,1.92374E+11,11440.25556
Bitcoin,BTC,1/21/2018,2.14737E+11,12768.40459
Bitcoin,BTC,1/22/2018,1.92124E+11,11422.39426
Bitcoin,BTC,1/23/2018,1.80625E+11,10737.35058
Bitcoin,BTC,1/24/2018,1.82534E+11,10849.39188
Bitcoin,BTC,1/25/2018,1.8889E+11,11225.89617
Bitcoin,BTC,1/26/2018,1.87306E+11,11130.46495
Bitcoin,BTC,1/27/2018,1.85731E+11,11035.55461
Bitcoin,BTC,1/28/2018,1.90557E+11,11320.97019
Bitcoin,BTC,1/29/2018,1.95543E+11,11615.95871
Bitcoin,BTC,1/30/2018,1.87429E+11,11132.55431
Bitcoin,BTC,1/31/2018,1.67695E+11,9959.546715
Bitcoin,BTC,2/1/2018,1.69239E+11,10050.0958
Bitcoin,BTC,2/2/2018,1.52247E+11,9039.865075
Bitcoin,BTC,2/3/2018,1.4799E+11,8786.07738
Bitcoin,BTC,2/4/2018,1.53838E+11,9132.100322
Bitcoin,BTC,2/5/2018,1.39007E+11,8250.526896
Bitcoin,BTC,2/6/2018,1.15417E+11,6849.542559
Bitcoin,BTC,2/7/2018,1.30412E+11,7738.64396
Bitcoin,BTC,2/8/2018,1.28503E+11,7624.59539
Bitcoin,BTC,2/9/2018,1.38528E+11,8218.580852
Bitcoin,BTC,2/10/2018,1.45991E+11,8660.453468
Bitcoin,BTC,2/11/2018,1.43813E+11,8530.292805
Bitcoin,BTC,2/12/2018,1.3652E+11,8096.728481
Bitcoin,BTC,2/13/2018,1.50212E+11,8907.670179
Bitcoin,BTC,2/14/2018,1.43761E+11,8523.966932
Bitcoin,BTC,2/15/2018,1.59686E+11,9467.301033
Bitcoin,BTC,2/16/2018,1.70491E+11,10106.73308
Bitcoin,BTC,2/17/2018,1.71903E+11,10189.31648
Bitcoin,BTC,2/18/2018,1.87047E+11,11085.59841
Bitcoin,BTC,2/19/2018,1.76379E+11,10452.09198
Bitcoin,BTC,2/20/2018,1.87996E+11,11139.35573
Bitcoin,BTC,2/21/2018,1.89818E+11,11245.93232
Bitcoin,BTC,2/22/2018,1.76553E+11,10458.86509
Bitcoin,BTC,2/23/2018,1.66768E+11,9878.158943
Bitcoin,BTC,2/24/2018,1.71529E+11,10159.06561
Bitcoin,BTC,2/25/2018,1.63573E+11,9686.60178
Bitcoin,BTC,2/26/2018,1.62182E+11,9603.227477
Bitcoin,BTC,2/27/2018,1.74179E+11,10312.36571
Bitcoin,BTC,2/28/2018,1.79971E+11,10654.10729
Bitcoin,BTC,3/1/2018,1.7413E+11,10307.02497
Bitcoin,BTC,3/2/2018,1.84568E+11,10923.63086
Bitcoin,BTC,3/3/2018,1.86121E+11,11014.05847
Bitcoin,BTC,3/4/2018,1.93098E+11,11425.68057
Bitcoin,BTC,3/5/2018,1.93743E+11,11462.5832
Bitcoin,BTC,3/6/2018,1.95085E+11,11540.66232
Bitcoin,BTC,3/7/2018,1.80507E+11,10677.03523
Bitcoin,BTC,3/8/2018,1.67442E+11,9903.085049
Bitcoin,BTC,3/9/2018,1.57778E+11,9330.475453
Bitcoin,BTC,3/10/2018,1.56909E+11,9278.139184
Bitcoin,BTC,3/11/2018,1.48612E+11,8786.560423
Bitcoin,BTC,3/12/2018,1.60927E+11,9513.5354
Bitcoin,BTC,3/13/2018,1.5476E+11,9147.890181
Bitcoin,BTC,3/14/2018,1.54991E+11,9160.542933
Bitcoin,BTC,3/15/2018,1.39128E+11,8222.127239
Bitcoin,BTC,3/16/2018,1.3993E+11,8268.589122
Bitcoin,BTC,3/17/2018,1.41779E+11,8376.904498
Bitcoin,BTC,3/18/2018,1.33412E+11,7881.661921
Bitcoin,BTC,3/19/2018,1.3863E+11,8189.016719
Bitcoin,BTC,3/20/2018,1.44535E+11,8537.015623
Bitcoin,BTC,3/21/2018,1.50622E+11,8895.547179
Bitcoin,BTC,3/22/2018,1.50368E+11,8879.594257
Bitcoin,BTC,3/23/2018,1.47522E+11,8710.664935
Bitcoin,BTC,3/24/2018,1.48573E+11,8771.746323
Bitcoin,BTC,3/25/2018,1.45865E+11,8610.988516
Bitcoin,BTC,3/26/2018,1.42995E+11,8440.610923
Bitcoin,BTC,3/27/2018,1.38446E+11,8171.184354
Bitcoin,BTC,3/28/2018,1.32801E+11,7837.265319
Bitcoin,BTC,3/29/2018,1.3445E+11,7933.64273
Bitcoin,BTC,3/30/2018,1.20482E+11,7108.570813
Bitcoin,BTC,3/31/2018,1.15808E+11,6832.149066
Bitcoin,BTC,4/1/2018,1.17349E+11,6922.281297
Bitcoin,BTC,4/2/2018,1.15366E+11,6804.524879
Bitcoin,BTC,4/3/2018,1.19259E+11,7033.25961
Bitcoin,BTC,4/4/2018,1.25844E+11,7420.800515
Bitcoin,BTC,4/5/2018,1.14999E+11,6780.543601
Bitcoin,BTC,4/6/2018,1.15314E+11,6798.422617
Bitcoin,BTC,4/7/2018,1.12141E+11,6610.49235
Bitcoin,BTC,4/8/2018,1.16837E+11,6886.469472
Bitcoin,BTC,4/9/2018,1.18946E+11,7009.996104
Bitcoin,BTC,4/10/2018,1.14325E+11,6736.892824
Bitcoin,BTC,4/11/2018,1.15694E+11,6816.718615
Bitcoin,BTC,4/12/2018,1.17881E+11,6944.785857
Bitcoin,BTC,4/13/2018,1.34184E+11,7904.330275
Bitcoin,BTC,4/14/2018,1.34448E+11,7919.064695
Bitcoin,BTC,4/15/2018,1.35947E+11,8006.417943
Bitcoin,BTC,4/16/2018,1.41665E+11,8342.271101
Bitcoin,BTC,4/17/2018,1.36667E+11,8046.982134
Bitcoin,BTC,4/18/2018,1.33978E+11,7887.737958
Bitcoin,BTC,4/19/2018,1.38669E+11,8162.834862
Bitcoin,BTC,4/20/2018,1.40554E+11,8272.967316
Bitcoin,BTC,4/21/2018,1.50197E+11,8839.501132
Bitcoin,BTC,4/22/2018,1.50623E+11,8863.540829
Bitcoin,BTC,4/23/2018,1.49576E+11,8800.959087
Bitcoin,BTC,4/24/2018,1.518E+11,8930.784634
Bitcoin,BTC,4/25/2018,1.64078E+11,9652.213789
Bitcoin,BTC,4/26/2018,1.5055E+11,8855.508937
Bitcoin,BTC,4/27/2018,1.57524E+11,9264.727427
Bitcoin,BTC,4/28/2018,1.52719E+11,8981.33079
Bitcoin,BTC,4/29/2018,1.58868E+11,9341.824685
Bitcoin,BTC,4/30/2018,1.59824E+11,9396.99763
Bitcoin,BTC,5/1/2018,1.56981E+11,9228.726484
Bitcoin,BTC,5/2/2018,1.54333E+11,9072.168757
Bitcoin,BTC,5/3/2018,1.56596E+11,9204.127641
Bitcoin,BTC,5/4/2018,1.65912E+11,9750.700146
Bitcoin,BTC,5/5/2018,1.65011E+11,9696.64291
Bitcoin,BTC,5/6/2018,1.66718E+11,9795.925772
Bitcoin,BTC,5/7/2018,1.63317E+11,9595.086819
Bitcoin,BTC,5/8/2018,1.58984E+11,9339.510847
Bitcoin,BTC,5/9/2018,1.56838E+11,9212.369635
Bitcoin,BTC,5/10/2018,1.58229E+11,9293.042274
Bitcoin,BTC,5/11/2018,1.53893E+11,9037.530509
Bitcoin,BTC,5/12/2018,1.43391E+11,8419.758587
Bitcoin,BTC,5/13/2018,1.44531E+11,8485.775267
Bitcoin,BTC,5/14/2018,1.48123E+11,8695.833094
Bitcoin,BTC,5/15/2018,1.47717E+11,8671.074175
Bitcoin,BTC,5/16/2018,1.44625E+11,8488.463421
Bitcoin,BTC,5/17/2018,1.41901E+11,8327.756201
Bitcoin,BTC,5/18/2018,1.37191E+11,8050.516239
Bitcoin,BTC,5/19/2018,1.40319E+11,8233.086455
Bitcoin,BTC,5/20/2018,1.40272E+11,8229.482936
Bitcoin,BTC,5/21/2018,1.45095E+11,8511.44883
Bitcoin,BTC,5/22/2018,1.43187E+11,8398.623127
Bitcoin,BTC,5/23/2018,1.36536E+11,8007.526532
Bitcoin,BTC,5/24/2018,1.28251E+11,7520.867679
Bitcoin,BTC,5/25/2018,1.29202E+11,7575.624486
Bitcoin,BTC,5/26/2018,1.26654E+11,7425.375674
Bitcoin,BTC,5/27/2018,1.24979E+11,7326.303186
Bitcoin,BTC,5/28/2018,1.25196E+11,7338.193044
Bitcoin,BTC,5/29/2018,1.2133E+11,7110.823882
Bitcoin,BTC,5/30/2018,1.27195E+11,7453.633725
Bitcoin,BTC,5/31/2018,1.25863E+11,7374.669049
Bitcoin,BTC,6/1/2018,1.27655E+11,7478.741867
Bitcoin,BTC,6/2/2018,1.28371E+11,7519.835737
Bitcoin,BTC,6/3/2018,1.30394E+11,7637.448253
Bitcoin,BTC,6/4/2018,1.31516E+11,7702.157933
Bitcoin,BTC,6/5/2018,1.27853E+11,7486.6532
Bitcoin,BTC,6/6/2018,1.29993E+11,7611.149853
Bitcoin,BTC,6/7/2018,1.30684E+11,7650.775807
Bitcoin,BTC,6/8/2018,1.30957E+11,7665.947896
Bitcoin,BTC,6/9/2018,1.3023E+11,7622.60233
Bitcoin,BTC,6/10/2018,1.29107E+11,7556.171698
Bitcoin,BTC,6/11/2018,1.15254E+11,6744.735801
Bitcoin,BTC,6/12/2018,1.17056E+11,6849.452687
Bitcoin,BTC,6/13/2018,1.11552E+11,6526.69968
Bitcoin,BTC,6/14/2018,1.07801E+11,6306.513168
Bitcoin,BTC,6/15/2018,1.13339E+11,6629.770124
Bitcoin,BTC,6/16/2018,1.09419E+11,6399.674046
Bitcoin,BTC,6/17/2018,1.11067E+11,6495.315309
Bitcoin,BTC,6/18/2018,1.10317E+11,6450.693973
Bitcoin,BTC,6/19/2018,1.14658E+11,6703.81259
Bitcoin,BTC,6/20/2018,1.15162E+11,6732.508809
Bitcoin,BTC,6/21/2018,1.15531E+11,6753.206826
Bitcoin,BTC,6/22/2018,1.14982E+11,6720.373234
Bitcoin,BTC,6/23/2018,1.03688E+11,6059.575859
Bitcoin,BTC,6/24/2018,1.05663E+11,6174.225779
Bitcoin,BTC,6/25/2018,1.052E+11,6146.487195
Bitcoin,BTC,6/26/2018,1.06873E+11,6243.535441
Bitcoin,BTC,6/27/2018,1.04359E+11,6096.128766
Bitcoin,BTC,6/28/2018,1.05108E+11,6139.189683
Bitcoin,BTC,6/29/2018,1.00316E+11,5858.635778
Bitcoin,BTC,6/30/2018,1.0653E+11,6220.913715
Bitcoin,BTC,7/1/2018,1.09189E+11,6375.541231
Bitcoin,BTC,7/2/2018,1.08959E+11,6361.402539
Bitcoin,BTC,7/3/2018,1.13198E+11,6608.367157
Bitcoin,BTC,7/4/2018,1.11324E+11,6498.307859
Bitcoin,BTC,7/5/2018,1.12723E+11,6579.333376
Bitcoin,BTC,7/6/2018,1.11982E+11,6535.298403
Bitcoin,BTC,7/7/2018,1.13077E+11,6598.459096
Bitcoin,BTC,7/8/2018,1.15479E+11,6737.85608
Bitcoin,BTC,7/9/2018,1.14926E+11,6704.91998
Bitcoin,BTC,7/10/2018,1.14237E+11,6664.024094
Bitcoin,BTC,7/11/2018,1.08163E+11,6309.084004
Bitcoin,BTC,7/12/2018,1.09356E+11,6377.976511
Bitcoin,BTC,7/13/2018,1.0562E+11,6159.466676
Bitcoin,BTC,7/14/2018,1.0648E+11,6208.985572
Bitcoin,BTC,7/15/2018,1.07281E+11,6255.112479
Bitcoin,BTC,7/16/2018,1.08877E+11,6347.604274
Bitcoin,BTC,7/17/2018,1.1512E+11,6710.807437
Bitcoin,BTC,7/18/2018,1.25597E+11,7320.594828
Bitcoin,BTC,7/19/2018,1.26564E+11,7376.038339
Bitcoin,BTC,7/20/2018,1.28139E+11,7467.034298
Bitcoin,BTC,7/21/2018,1.25753E+11,7327.256683
Bitcoin,BTC,7/22/2018,1.272E+11,7410.56562
Bitcoin,BTC,7/23/2018,1.27025E+11,7399.483747
Bitcoin,BTC,7/24/2018,1.32477E+11,7716.158627
Bitcoin,BTC,7/25/2018,1.44195E+11,8397.616522
Bitcoin,BTC,7/26/2018,1.40865E+11,8202.720395
Bitcoin,BTC,7/27/2018,1.35922E+11,7913.930778
Bitcoin,BTC,7/28/2018,1.404E+11,8173.774611
Bitcoin,BTC,7/29/2018,1.40702E+11,8190.360057
Bitcoin,BTC,7/30/2018,1.4139E+11,8229.605839
Bitcoin,BTC,7/31/2018,1.40413E+11,8171.839519
Bitcoin,BTC,8/1/2018,1.32752E+11,7725.133036
Bitcoin,BTC,8/2/2018,1.30559E+11,7596.698012
Bitcoin,BTC,8/3/2018,1.29647E+11,7542.694662
Bitcoin,BTC,8/4/2018,1.27405E+11,7411.34425
Bitcoin,BTC,8/5/2018,1.20386E+11,7002.208653
Bitcoin,BTC,8/6/2018,1.20903E+11,7031.587751
Bitcoin,BTC,8/7/2018,1.19169E+11,6929.990894
Bitcoin,BTC,8/8/2018,1.15616E+11,6722.578433
Bitcoin,BTC,8/9/2018,1.07799E+11,6267.388674
Bitcoin,BTC,8/10/2018,1.12813E+11,6558.096908
Bitcoin,BTC,8/11/2018,1.05561E+11,6135.751859
Bitcoin,BTC,8/12/2018,1.08636E+11,6313.749312
Bitcoin,BTC,8/13/2018,1.08664E+11,6314.691656
Bitcoin,BTC,8/14/2018,1.07834E+11,6265.848044
Bitcoin,BTC,8/15/2018,1.06452E+11,6184.829086
Bitcoin,BTC,8/16/2018,1.07934E+11,6270.214799
Bitcoin,BTC,8/17/2018,1.083E+11,6290.750455
Bitcoin,BTC,8/18/2018,1.13001E+11,6563.078289
Bitcoin,BTC,8/19/2018,1.10192E+11,6399.287447
Bitcoin,BTC,8/20/2018,1.11779E+11,6490.716127
Bitcoin,BTC,8/21/2018,1.0804E+11,6272.952729
Bitcoin,BTC,8/22/2018,1.115E+11,6473.076039
Bitcoin,BTC,8/23/2018,1.09651E+11,6365.009832
Bitcoin,BTC,8/24/2018,1.12271E+11,6516.409025
Bitcoin,BTC,8/25/2018,1.15406E+11,6697.731879
Bitcoin,BTC,8/26/2018,1.16242E+11,6745.438939
Bitcoin,BTC,8/27/2018,1.153E+11,6689.869333
Bitcoin,BTC,8/28/2018,1.17886E+11,6839.158952
Bitcoin,BTC,8/29/2018,1.22274E+11,7092.973808
Bitcoin,BTC,8/30/2018,1.21261E+11,7033.428068
Bitcoin,BTC,8/31/2018,1.20128E+11,6966.963744
Bitcoin,BTC,9/1/2018,1.21145E+11,7025.14078
Bitcoin,BTC,9/2/2018,1.24041E+11,7192.352547
Bitcoin,BTC,9/3/2018,1.25681E+11,7286.667791
Bitcoin,BTC,9/4/2018,1.25189E+11,7257.470214
Bitcoin,BTC,9/5/2018,1.26949E+11,7358.811479
Bitcoin,BTC,9/6/2018,1.17164E+11,6790.897328
Bitcoin,BTC,9/7/2018,1.11952E+11,6488.075937
Bitcoin,BTC,9/8/2018,1.10594E+11,6408.653622
Bitcoin,BTC,9/9/2018,1.06795E+11,6187.790502
Bitcoin,BTC,9/10/2018,1.07866E+11,6249.24631
Bitcoin,BTC,9/11/2018,1.08674E+11,6295.388603
Bitcoin,BTC,9/12/2018,1.08394E+11,6278.42464
Bitcoin,BTC,9/13/2018,1.09254E+11,6327.536363
Bitcoin,BTC,9/14/2018,1.12085E+11,6490.912316
Bitcoin,BTC,9/15/2018,1.12162E+11,6494.695479
Bitcoin,BTC,9/16/2018,1.12682E+11,6524.165667
Bitcoin,BTC,9/17/2018,1.12231E+11,6497.404701
Bitcoin,BTC,9/18/2018,1.08117E+11,6258.594875
Bitcoin,BTC,9/19/2018,1.09542E+11,6340.34779
Bitcoin,BTC,9/20/2018,1.10307E+11,6383.951876
Bitcoin,BTC,9/21/2018,1.123E+11,6498.607111
Bitcoin,BTC,9/22/2018,1.16504E+11,6741.142899
Bitcoin,BTC,9/23/2018,1.15901E+11,6705.476051
Bitcoin,BTC,9/24/2018,1.15873E+11,6703.13685
Bitcoin,BTC,9/25/2018,1.13698E+11,6576.545003
Bitcoin,BTC,9/26/2018,1.10941E+11,6416.444022
Bitcoin,BTC,9/27/2018,1.11762E+11,6463.250404
Bitcoin,BTC,9/28/2018,1.15487E+11,6677.900489
Bitcoin,BTC,9/29/2018,1.14552E+11,6623.12616
Bitcoin,BTC,9/30/2018,1.13897E+11,6584.499148
Bitcoin,BTC,10/1/2018,1.14256E+11,6604.485028
Bitcoin,BTC,10/2/2018,1.13529E+11,6561.813832
Bitcoin,BTC,10/3/2018,1.12622E+11,6508.720939
Bitcoin,BTC,10/4/2018,1.11869E+11,6464.456844
Bitcoin,BTC,10/5/2018,1.13278E+11,6545.285668
Bitcoin,BTC,10/6/2018,1.13978E+11,6585.14958
Bitcoin,BTC,10/7/2018,1.1339E+11,6550.478316
Bitcoin,BTC,10/8/2018,1.13645E+11,6564.56826
Bitcoin,BTC,10/9/2018,1.1435E+11,6604.685274
Bitcoin,BTC,10/10/2018,1.14115E+11,6590.428622
Bitcoin,BTC,10/11/2018,1.13066E+11,6529.102436
Bitcoin,BTC,10/12/2018,1.06671E+11,6159.251643
Bitcoin,BTC,10/13/2018,1.07244E+11,6191.677223
Bitcoin,BTC,10/14/2018,1.07357E+11,6197.685696
Bitcoin,BTC,10/15/2018,1.07113E+11,6182.879344
Bitcoin,BTC,10/16/2018,1.11625E+11,6442.715414
Bitcoin,BTC,10/17/2018,1.11969E+11,6461.937159
Bitcoin,BTC,10/18/2018,1.11648E+11,6442.7307
Bitcoin,BTC,10/19/2018,1.10858E+11,6396.479812
Bitcoin,BTC,10/20/2018,1.10637E+11,6383.07784
Bitcoin,BTC,10/21/2018,1.11084E+11,6408.252746
Bitcoin,BTC,10/22/2018,1.11219E+11,6415.340503
Bitcoin,BTC,10/23/2018,1.11105E+11,6408.033636
Bitcoin,BTC,10/24/2018,1.10905E+11,6395.987667
Bitcoin,BTC,10/25/2018,1.11225E+11,6413.803641
Bitcoin,BTC,10/26/2018,1.11038E+11,6402.324859
Bitcoin,BTC,10/27/2018,1.11079E+11,6404.108552
Bitcoin,BTC,10/28/2018,1.11182E+11,6409.405328
Bitcoin,BTC,10/29/2018,1.11146E+11,6406.633253
Bitcoin,BTC,10/30/2018,1.08667E+11,6263.041735
Bitcoin,BTC,10/31/2018,1.08838E+11,6272.167728
Bitcoin,BTC,11/1/2018,1.09443E+11,6306.316931
Bitcoin,BTC,11/2/2018,1.1009E+11,6342.977501
Bitcoin,BTC,11/3/2018,1.10193E+11,6348.168583
Bitcoin,BTC,11/4/2018,1.0993E+11,6332.434133
Bitcoin,BTC,11/5/2018,1.11469E+11,6420.422
Bitcoin,BTC,11/6/2018,1.11176E+11,6402.946839
Bitcoin,BTC,11/7/2018,1.11849E+11,6441.145219
Bitcoin,BTC,11/8/2018,1.12896E+11,6500.869805
Bitcoin,BTC,11/9/2018,1.11272E+11,6406.752937
Bitcoin,BTC,11/10/2018,1.09973E+11,6331.378767
Bitcoin,BTC,11/11/2018,1.10362E+11,6353.112734
Bitcoin,BTC,11/12/2018,1.10066E+11,6335.414204
Bitcoin,BTC,11/13/2018,1.09819E+11,6320.656054
Bitcoin,BTC,11/14/2018,1.08914E+11,6267.937991
Bitcoin,BTC,11/15/2018,96869070437,5574.258349
Bitcoin,BTC,11/16/2018,96257440830,5538.560608
Bitcoin,BTC,11/17/2018,95528002160,5496.016231
Bitcoin,BTC,11/18/2018,95624689556,5501.09234
Bitcoin,BTC,11/19/2018,96577050129,5555.376338
Bitcoin,BTC,11/20/2018,83317572169,4792.200024
Bitcoin,BTC,11/21/2018,75070599653,4317.53067
Bitcoin,BTC,11/22/2018,79107784334,4549.32201
Bitcoin,BTC,11/23/2018,74841939388,4303.615549
Bitcoin,BTC,11/24/2018,74610963318,4289.892853
Bitcoin,BTC,11/25/2018,66206524025,3806.316925
Bitcoin,BTC,11/26/2018,68656427396,3946.850874
Bitcoin,BTC,11/27/2018,64373430748,3700.285993
Bitcoin,BTC,11/28/2018,65705859668,3776.555905
Bitcoin,BTC,11/29/2018,73226069641,4208.475269
Bitcoin,BTC,11/30/2018,73763228674,4239.039488
Bitcoin,BTC,12/1/2018,69145865695,3973.334052
Bitcoin,BTC,12/2/2018,72192680339,4148.073726
Bitcoin,BTC,12/3/2018,71340039306,4098.746764
Bitcoin,BTC,12/4/2018,66912312582,3843.976666
Bitcoin,BTC,12/5/2018,67771148808,3892.951647
Bitcoin,BTC,12/6/2018,64584120753,3709.520858
Bitcoin,BTC,12/7/2018,61149674569,3511.968982
Bitcoin,BTC,12/8/2018,58735255152,3372.995693
Bitcoin,BTC,12/9/2018,59349401308,3407.951195
Bitcoin,BTC,12/10/2018,61662171478,3540.439576
Bitcoin,BTC,12/11/2018,59458270800,3413.592584
Bitcoin,BTC,12/12/2018,58400301619,3352.5642
Bitcoin,BTC,12/13/2018,59633094746,3423.012918
Bitcoin,BTC,12/14/2018,56805110147,3260.341582
Bitcoin,BTC,12/15/2018,55741395265,3198.947474
Bitcoin,BTC,12/16/2018,55504230440,3185.074044
Bitcoin,BTC,12/17/2018,55690818690,3195.414555
Bitcoin,BTC,12/18/2018,60990139414,3499.156482
Bitcoin,BTC,12/19/2018,63792212781,3659.527379
Bitcoin,BTC,12/20/2018,64464311927,3697.725303
Bitcoin,BTC,12/21/2018,70922043506,4067.737708
Bitcoin,BTC,12/22/2018,66943825168,3839.085108
Bitcoin,BTC,12/23/2018,69147242116,3964.946116
Bitcoin,BTC,12/24/2018,68766193292,3942.666996
Bitcoin,BTC,12/25/2018,70472659235,4040.04579
Bitcoin,BTC,12/26/2018,65622685000,3761.584011
Bitcoin,BTC,12/27/2018,66434740546,3807.657454
Bitcoin,BTC,12/28/2018,62565407296,3585.460536
Bitcoin,BTC,12/29/2018,67730151032,3881.054885
Bitcoin,BTC,12/30/2018,66727832280,3823.138326
Bitcoin,BTC,12/31/2018,66774848793,3825.407463
Ethereum,ETH,1/1/2018,71785647890,742.2554649
Ethereum,ETH,1/2/2018,73137407466,756.0717656
Ethereum,ETH,1/3/2018,83587568332,863.9183077
Ethereum,ETH,1/4/2018,91321530637,943.6481262
Ethereum,ETH,1/5/2018,92184014893,952.3545435
Ethereum,ETH,1/6/2018,92804065818,958.5528463
Ethereum,ETH,1/7/2018,97434306512,1006.157475
Ethereum,ETH,1/8/2018,1.06824E+11,1102.889537
Ethereum,ETH,1/9/2018,1.09929E+11,1134.69906
Ethereum,ETH,1/10/2018,1.24847E+11,1288.406875
Ethereum,ETH,1/11/2018,1.19385E+11,1231.767295
Ethereum,ETH,1/12/2018,1.09406E+11,1128.563876
Ethereum,ETH,1/13/2018,1.21905E+11,1257.231134
Ethereum,ETH,1/14/2018,1.33852E+11,1380.144541
Ethereum,ETH,1/15/2018,1.32112E+11,1361.915076
Ethereum,ETH,1/16/2018,1.2436E+11,1281.721398
Ethereum,ETH,1/17/2018,1.02984E+11,1061.187089
Ethereum,ETH,1/18/2018,98292060854,1012.622891
Ethereum,ETH,1/19/2018,98909463708,1018.766875
Ethereum,ETH,1/20/2018,1.00015E+11,1029.934385
Ethereum,ETH,1/21/2018,1.11887E+11,1151.945532
Ethereum,ETH,1/22/2018,1.00979E+11,1039.423233
Ethereum,ETH,1/23/2018,96395805914,992.0374357
Ethereum,ETH,1/24/2018,95752927376,985.2127683
Ethereum,ETH,1/25/2018,1.01791E+11,1047.1202
Ethereum,ETH,1/26/2018,1.01472E+11,1043.621772
Ethereum,ETH,1/27/2018,1.01187E+11,1040.468171
Ethereum,ETH,1/28/2018,1.06296E+11,1092.768236
Ethereum,ETH,1/29/2018,1.18194E+11,1214.831299
Ethereum,ETH,1/30/2018,1.13078E+11,1162.0083
Ethereum,ETH,1/31/2018,1.02388E+11,1051.933488
Ethereum,ETH,2/1/2018,1.06724E+11,1096.250057
Ethereum,ETH,2/2/2018,99241171537,1019.171008
Ethereum,ETH,2/3/2018,88903945834,912.8209287
Ethereum,ETH,2/4/2018,93605513570,960.8938261
Ethereum,ETH,2/5/2018,81521747307,836.6724573
Ethereum,ETH,2/6/2018,67513934710,692.7628273
Ethereum,ETH,2/7/2018,76913145995,789.0430207
Ethereum,ETH,2/8/2018,73564957716,754.5365748
Ethereum,ETH,2/9/2018,78837798642,808.4506335
Ethereum,ETH,2/10/2018,85205871784,873.5673743
Ethereum,ETH,2/11/2018,82994001829,850.7148495
Ethereum,ETH,2/12/2018,79505286062,814.7832709
Ethereum,ETH,2/13/2018,84674108260,867.5724404
Ethereum,ETH,2/14/2018,82008775016,840.0907838
Ethereum,ETH,2/15/2018,89873657205,920.4636815
Ethereum,ETH,2/16/2018,90810957367,929.8692157
Ethereum,ETH,2/17/2018,91755122470,939.3394573
Ethereum,ETH,2/18/2018,95280946246,975.2318063
Ethereum,ETH,2/19/2018,89445322574,915.3109056
Ethereum,ETH,2/20/2018,91666050461,937.8401832
Ethereum,ETH,2/21/2018,86573733380,885.5531411
Ethereum,ETH,2/22/2018,82202716300,840.667043
Ethereum,ETH,2/23/2018,78934855415,807.0768989
Ethereum,ETH,2/24/2018,83714459194,855.767194
Ethereum,ETH,2/25/2018,81602249291,834.0028463
Ethereum,ETH,2/26/2018,82432352153,842.31172
Ethereum,ETH,2/27/2018,84754863101,865.8630392
Ethereum,ETH,2/28/2018,85672418228,875.0529819
Ethereum,ETH,3/1/2018,83366544051,851.3236464
Ethereum,ETH,3/2/2018,85145087527,869.3022668
Ethereum,ETH,3/3/2018,83796271990,855.3528577
Ethereum,ETH,3/4/2018,83718981656,854.3875695
Ethereum,ETH,3/5/2018,84397219839,861.1307224
Ethereum,ETH,3/6/2018,83481407997,851.6087531
Ethereum,ETH,3/7/2018,79649330210,812.3461929
Ethereum,ETH,3/8/2018,73723639306,751.754232
Ethereum,ETH,3/9/2018,68597435105,699.337429
Ethereum,ETH,3/10/2018,71159992858,725.3109068
Ethereum,ETH,3/11/2018,67207450563,684.8805821
Ethereum,ETH,3/12/2018,70477451410,718.0546897
Ethereum,ETH,3/13/2018,68399528448,696.7392312
Ethereum,ETH,3/14/2018,67742402197,689.9021026
Ethereum,ETH,3/15/2018,60138303237,612.3326315
Ethereum,ETH,3/16/2018,60036302651,611.1662759
Ethereum,ETH,3/17/2018,59392256475,604.4843019
Ethereum,ETH,3/18/2018,54135212769,550.8650041
Ethereum,ETH,3/19/2018,52907542476,538.2613282
Ethereum,ETH,3/20/2018,54086190477,550.1382127
Ethereum,ETH,3/21/2018,54638039683,555.6366672
Ethereum,ETH,3/22/2018,54822642521,557.397839
Ethereum,ETH,3/23/2018,53035255538,539.1140453
Ethereum,ETH,3/24/2018,52896643084,537.5928597
Ethereum,ETH,3/25/2018,51676347144,525.082403
Ethereum,ETH,3/26/2018,51405587860,522.2228019
Ethereum,ETH,3/27/2018,48225673058,489.8176005
Ethereum,ETH,3/28/2018,44368657080,450.5495944
Ethereum,ETH,3/29/2018,43876349936,445.4580836
Ethereum,ETH,3/30/2018,37964409797,385.3564702
Ethereum,ETH,3/31/2018,38672965199,392.4671277
Ethereum,ETH,4/1/2018,38882471414,394.5123781
Ethereum,ETH,4/2/2018,37269290373,378.0660903
Ethereum,ETH,4/3/2018,37802690609,383.3976937
Ethereum,ETH,4/4/2018,40948272102,415.2149299
Ethereum,ETH,4/5/2018,37338209521,378.5298773
Ethereum,ETH,4/6/2018,37757448747,382.7007943
Ethereum,ETH,4/7/2018,36505634459,369.9367528
Ethereum,ETH,4/8/2018,37951289775,384.5072496
Ethereum,ETH,4/9/2018,39430862449,399.4155508
Ethereum,ETH,4/10/2018,39118136977,396.1653971
Ethereum,ETH,4/11/2018,40833486485,413.4526993
Ethereum,ETH,4/12/2018,42456408612,429.7974267
Ethereum,ETH,4/13/2018,48765724882,493.5652066
Ethereum,ETH,4/14/2018,49047802009,496.3177443
Ethereum,ETH,4/15/2018,49740303934,503.221351
Ethereum,ETH,4/16/2018,52523076869,531.26395
Ethereum,ETH,4/17/2018,50528505428,510.9837583
Ethereum,ETH,4/18/2018,49662840383,502.1266414
Ethereum,ETH,4/19/2018,51935441118,524.9945938
Ethereum,ETH,4/20/2018,56061086651,566.5825263
Ethereum,ETH,4/21/2018,60994807562,616.3173407
Ethereum,ETH,4/22/2018,59926373531,605.3963311
Ethereum,ETH,4/23/2018,61497423467,621.1391014
Ethereum,ETH,4/24/2018,63633494119,642.5817294
Ethereum,ETH,4/25/2018,69829850698,705.0070205
Ethereum,ETH,4/26/2018,60882657998,614.5464717
Ethereum,ETH,4/27/2018,65577189544,661.7967618
Ethereum,ETH,4/28/2018,64313397407,648.9100009
Ethereum,ETH,4/29/2018,67660171338,682.5355506
Ethereum,ETH,4/30/2018,68246353689,688.3061102
Ethereum,ETH,5/1/2018,66153755882,667.0634077
Ethereum,ETH,5/2/2018,66610894104,671.5316823
Ethereum,ETH,5/3/2018,68120887953,686.6118434
Ethereum,ETH,5/4/2018,77241276184,778.3775441
Ethereum,ETH,5/5/2018,77755029279,783.3912136
Ethereum,ETH,5/6/2018,80547430147,811.3563922
Ethereum,ETH,5/7/2018,77934770239,784.8751797
Ethereum,ETH,5/8/2018,74272106808,747.8353121
Ethereum,ETH,5/9/2018,74668506801,751.6712314
Ethereum,ETH,5/10/2018,74352388928,748.3347896
Ethereum,ETH,5/11/2018,72142622823,725.9431689
Ethereum,ETH,5/12/2018,67544437811,679.5324857
Ethereum,ETH,5/13/2018,68179215200,685.7776403
Ethereum,ETH,5/14/2018,72732512089,731.4267344
Ethereum,ETH,5/15/2018,72249765284,726.4218089
Ethereum,ETH,5/16/2018,70279915583,706.4711707
Ethereum,ETH,5/17/2018,70186986929,705.390607
Ethereum,ETH,5/18/2018,66484865544,668.044737
Ethereum,ETH,5/19/2018,69047674359,693.6516838
Ethereum,ETH,5/20/2018,69077724360,693.8095807
Ethereum,ETH,5/21/2018,71062067247,713.5916914
Ethereum,ETH,5/22/2018,69508331733,697.845526
Ethereum,ETH,5/23/2018,64125457070,643.6678767
Ethereum,ETH,5/24/2018,57617970125,578.2299886
Ethereum,ETH,5/25/2018,59860493323,600.6105728
Ethereum,ETH,5/26/2018,57678199760,578.5942729
Ethereum,ETH,5/27/2018,58257663124,584.2874115
Ethereum,ETH,5/28/2018,56883667107,570.3888428
Ethereum,ETH,5/29/2018,51230550268,513.5970751
Ethereum,ETH,5/30/2018,56260179390,563.903261
Ethereum,ETH,5/31/2018,55559289352,556.7623846
Ethereum,ETH,6/1/2018,57437939282,575.4698647
Ethereum,ETH,6/2/2018,57785061630,578.827564
Ethereum,ETH,6/3/2018,59093432692,591.8119591
Ethereum,ETH,6/4/2018,61744465406,618.2328428
Ethereum,ETH,6/5/2018,58925063055,589.8826707
Ethereum,ETH,6/6/2018,60665497243,607.1803103
Ethereum,ETH,6/7/2018,60503157224,605.4294448
Ethereum,ETH,6/8/2018,60188820669,602.159334
Ethereum,ETH,6/9/2018,59998288919,600.1281806
Ethereum,ETH,6/10/2018,59593124898,595.9536233
Ethereum,ETH,6/11/2018,52136584861,521.2769173
Ethereum,ETH,6/12/2018,52957084541,529.3715289
Ethereum,ETH,6/13/2018,49012108513,489.8360853
Ethereum,ETH,6/14/2018,47482425184,474.4509752
Ethereum,ETH,6/15/2018,51823582412,517.7222291
Ethereum,ETH,6/16/2018,48708197605,486.4992463
Ethereum,ETH,6/17/2018,49801926302,497.3220047
Ethereum,ETH,6/18/2018,49662813841,495.8307411
Ethereum,ETH,6/19/2018,51778763560,516.850604
Ethereum,ETH,6/20/2018,53815905799,537.0747794
Ethereum,ETH,6/21/2018,53645907461,535.2689378
Ethereum,ETH,6/22/2018,52688837121,525.6111783
Ethereum,ETH,6/23/2018,46418765447,462.9670827
Ethereum,ETH,6/24/2018,47659492718,475.2452405
Ethereum,ETH,6/25/2018,45577253513,454.3887683
Ethereum,ETH,6/26/2018,46068747177,459.1942902
Ethereum,ETH,6/27/2018,43398847109,432.4930815
Ethereum,ETH,6/28/2018,44329233743,441.6751669
Ethereum,ETH,6/29/2018,42141403296,419.7914541
Ethereum,ETH,6/30/2018,43851463847,436.7364211
Ethereum,ETH,7/1/2018,45365493000,451.7234167
Ethereum,ETH,7/2/2018,45382364797,451.7984416
Ethereum,ETH,7/3/2018,47822063364,475.9894486
Ethereum,ETH,7/4/2018,46401066652,461.7516902
Ethereum,ETH,7/5/2018,46810267754,465.7291502
Ethereum,ETH,7/6/2018,46953434912,467.0586663
Ethereum,ETH,7/7/2018,47109250156,468.5129646
Ethereum,ETH,7/8/2018,48327729518,480.5334749
Ethereum,ETH,7/9/2018,48900822809,486.1320538
Ethereum,ETH,7/10/2018,47460851545,471.7215625
Ethereum,ETH,7/11/2018,43586874878,433.1284392
Ethereum,ETH,7/12/2018,44926256414,446.3470754
Ethereum,ETH,7/13/2018,42673651012,423.881742
Ethereum,ETH,7/14/2018,43434699156,431.3536826
Ethereum,ETH,7/15/2018,43701973980,433.9191859
Ethereum,ETH,7/16/2018,45202588353,448.7280678
Ethereum,ETH,7/17/2018,48097256356,477.3652858
Ethereum,ETH,7/18/2018,50331437132,499.4387598
Ethereum,ETH,7/19/2018,48281652472,479.0016411
Ethereum,ETH,7/20/2018,47223048624,468.4054468
Ethereum,ETH,7/21/2018,45130483078,447.5579719
Ethereum,ETH,7/22/2018,46595040907,461.9867995
Ethereum,ETH,7/23/2018,46115068147,457.1352779
Ethereum,ETH,7/24/2018,45299155414,448.9556733
Ethereum,ETH,7/25/2018,48243358084,478.0369877
Ethereum,ETH,7/26/2018,47714052732,472.6965085
Ethereum,ETH,7/27/2018,46788533799,463.4333387
Ethereum,ETH,7/28/2018,47391619614,469.3117928
Ethereum,ETH,7/29/2018,47200243746,467.3217884
Ethereum,ETH,7/30/2018,47169069699,466.9187636
Ethereum,ETH,7/31/2018,46064884045,455.8956736
Ethereum,ETH,8/1/2018,43638866085,431.7985237
Ethereum,ETH,8/2/2018,42356033557,419.0199267
Ethereum,ETH,8/3/2018,41551175443,410.9742084
Ethereum,ETH,8/4/2018,42194633486,417.2534956
Ethereum,ETH,8/5/2018,41107364159,406.4192195
Ethereum,ETH,8/6/2018,41371679523,408.9499229
Ethereum,ETH,8/7/2018,41018601540,405.3780874
Ethereum,ETH,8/8/2018,38312731178,378.5596321
Ethereum,ETH,8/9/2018,35871773402,354.3691943
Ethereum,ETH,8/10/2018,36955477556,365.0011458
Ethereum,ETH,8/11/2018,33483521396,330.6420038
Ethereum,ETH,8/12/2018,32706285323,322.9020827
Ethereum,ETH,8/13/2018,32211651945,317.9546406
Ethereum,ETH,8/14/2018,28817199937,284.3916178
Ethereum,ETH,8/15/2018,27997040124,276.2421417
Ethereum,ETH,8/16/2018,28500156358,281.1496385
Ethereum,ETH,8/17/2018,28974007400,285.766308
Ethereum,ETH,8/18/2018,31939478354,314.9507148
Ethereum,ETH,8/19/2018,29966300896,295.4338966
Ethereum,ETH,8/20/2018,30442177572,300.0650172
Ethereum,ETH,8/21/2018,27561648144,271.6171058
Ethereum,ETH,8/22/2018,28513451965,280.9408238
Ethereum,ETH,8/23/2018,27416764707,270.0811128
Ethereum,ETH,8/24/2018,27942929938,275.2081277
Ethereum,ETH,8/25/2018,28606296819,281.6849255
Ethereum,ETH,8/26/2018,28280812806,278.4239132
Ethereum,ETH,8/27/2018,27764946466,273.2899489
Ethereum,ETH,8/28/2018,28879531116,284.2037548
Ethereum,ETH,8/29/2018,30147836395,296.6259889
Ethereum,ETH,8/30/2018,29338006330,288.5998548
Ethereum,ETH,8/31/2018,28864440631,283.8843033
Ethereum,ETH,9/1/2018,28700542301,282.2157653
Ethereum,ETH,9/2/2018,30000634775,294.9402721
Ethereum,ETH,9/3/2018,29889401618,293.7880126
Ethereum,ETH,9/4/2018,29371800656,288.6421382
Ethereum,ETH,9/5/2018,29038121233,285.3060096
Ethereum,ETH,9/6/2018,23841597119,234.2016791
Ethereum,ETH,9/7/2018,23326347706,229.0947613
Ethereum,ETH,9/8/2018,21924064994,215.2796409
Ethereum,ETH,9/9/2018,20030682315,196.648756
Ethereum,ETH,9/10/2018,19926715409,195.5888317
Ethereum,ETH,9/11/2018,19985016859,196.1221119
Ethereum,ETH,9/12/2018,18784471603,184.3037098
Ethereum,ETH,9/13/2018,18621564831,182.6687484
Ethereum,ETH,9/14/2018,21677352090,212.6019655
Ethereum,ETH,9/15/2018,21589488339,211.6978042
Ethereum,ETH,9/16/2018,22727615461,222.8130105
Ethereum,ETH,9/17/2018,22447479032,220.0224904
Ethereum,ETH,9/18/2018,20083400038,196.8116669
Ethereum,ETH,9/19/2018,21384510661,209.519993
Ethereum,ETH,9/20/2018,21344397153,209.0851306
Ethereum,ETH,9/21/2018,22836094922,223.6520885
Ethereum,ETH,9/22/2018,25197831169,246.7333489
Ethereum,ETH,9/23/2018,24533064855,240.1762645
Ethereum,ETH,9/24/2018,24995087716,244.6507005
Ethereum,ETH,9/25/2018,23278172438,227.8000915
Ethereum,ETH,9/26/2018,22242685177,217.6229401
Ethereum,ETH,9/27/2018,21982207590,215.0312618
Ethereum,ETH,9/28/2018,23357285347,228.4367352
Ethereum,ETH,9/29/2018,22605661944,221.042024
Ethereum,ETH,9/30/2018,23662140283,231.3260546
Ethereum,ETH,10/1/2018,23757874332,232.2158805
Ethereum,ETH,10/2/2018,23527511143,229.9181473
Ethereum,ETH,10/3/2018,23063657525,225.340538
Ethereum,ETH,10/4/2018,22417694999,218.985656
Ethereum,ETH,10/5/2018,22621698771,220.9349065
Ethereum,ETH,10/6/2018,23199559423,226.5332475
Ethereum,ETH,10/7/2018,22910922742,223.670021
Ethereum,ETH,10/8/2018,22988348342,224.381154
Ethereum,ETH,10/9/2018,23325767350,227.6293615
Ethereum,ETH,10/10/2018,23200943038,226.3662575
Ethereum,ETH,10/11/2018,22925837233,223.637415
Ethereum,ETH,10/12/2018,19533015883,190.5031733
Ethereum,ETH,10/13/2018,19919488942,194.2336841
Ethereum,ETH,10/14/2018,20170382719,196.6409004
Ethereum,ETH,10/15/2018,19706715029,192.0825617
Ethereum,ETH,10/16/2018,21020313721,204.8455953
Ethereum,ETH,10/17/2018,21110025638,205.6789655
Ethereum,ETH,10/18/2018,20899700531,203.5891844
Ethereum,ETH,10/19/2018,20443326116,199.1041677
Ethereum,ETH,10/20/2018,20558439370,200.1854223
Ethereum,ETH,10/21/2018,20812648071,202.6205903
Ethereum,ETH,10/22/2018,20773314046,202.1977925
Ethereum,ETH,10/23/2018,20653052320,200.9869679
Ethereum,ETH,10/24/2018,20669404439,201.1062086
Ethereum,ETH,10/25/2018,20616155498,200.5486081
Ethereum,ETH,10/26/2018,20549746708,199.8627446
Ethereum,ETH,10/27/2018,20631942452,200.6226616
Ethereum,ETH,10/28/2018,20717868342,201.4184185
Ethereum,ETH,10/29/2018,20828219340,202.4511032
Ethereum,ETH,10/30/2018,19995748167,194.3213513
Ethereum,ETH,10/31/2018,20137399945,195.658953
Ethereum,ETH,11/1/2018,20268901863,196.8979319
Ethereum,ETH,11/2/2018,20367723382,197.8192107
Ethereum,ETH,11/3/2018,20580887504,199.8503726
Ethereum,ETH,11/4/2018,20430881841,198.3546774
Ethereum,ETH,11/5/2018,21633579147,209.9895728
Ethereum,ETH,11/6/2018,21440609539,208.0755815
Ethereum,ETH,11/7/2018,22476960985,218.0897557
Ethereum,ETH,11/8/2018,22346675036,216.7830564
Ethereum,ETH,11/9/2018,21718014445,210.6431034
Ethereum,ETH,11/10/2018,21460355012,208.1028559
Ethereum,ETH,11/11/2018,21718523337,210.5648653
Ethereum,ETH,11/12/2018,21567990256,209.0642537
Ethereum,ETH,11/13/2018,21492276717,208.2894123
Ethereum,ETH,11/14/2018,21014540617,203.6197972
Ethereum,ETH,11/15/2018,18237109659,176.6737086
Ethereum,ETH,11/16/2018,18334871655,177.5858998
Ethereum,ETH,11/17/2018,17764409640,172.027223
Ethereum,ETH,11/18/2018,17798728343,172.3258343
Ethereum,ETH,11/19/2018,18066795234,174.8875175
Ethereum,ETH,11/20/2018,15172007810,146.8373746
Ethereum,ETH,11/21/2018,13093839762,126.699694
Ethereum,ETH,11/22/2018,13943460127,134.8948387
Ethereum,ETH,11/23/2018,12921444727,124.9831067
Ethereum,ETH,11/24/2018,12560104542,121.4645269
Ethereum,ETH,11/25/2018,11501740779,111.2079193
Ethereum,ETH,11/26/2018,11826741637,114.3281242
Ethereum,ETH,11/27/2018,10964864066,105.9761932
Ethereum,ETH,11/28/2018,11273592831,108.939133
Ethereum,ETH,11/29/2018,12507900058,120.8430357
Ethereum,ETH,11/30/2018,12055524299,116.4500678
Ethereum,ETH,12/1/2018,11558881639,111.6314486
Ethereum,ETH,12/2/2018,12114374870,116.9740228
Ethereum,ETH,12/3/2018,11899122404,114.8738489
Ethereum,ETH,12/4/2018,11130800306,107.4360938
Ethereum,ETH,12/5/2018,11232083473,108.3930742
Ethereum,ETH,12/6/2018,10481732587,101.1326888
Ethereum,ETH,12/7/2018,9413916058,90.81281444
Ethereum,ETH,12/8/2018,9552147099,92.12891613
Ethereum,ETH,12/9/2018,9395310131,90.59914202
Ethereum,ETH,12/10/2018,9645523706,92.99399591
Ethereum,ETH,12/11/2018,9268107111,89.33858884
Ethereum,ETH,12/12/2018,9041942372,87.14203711
Ethereum,ETH,12/13/2018,9221357436,88.85423115
Ethereum,ETH,12/14/2018,8826134344,85.03007481
Ethereum,ETH,12/15/2018,8626040920,83.08653536
Ethereum,ETH,12/16/2018,8601044543,82.83019024
Ethereum,ETH,12/17/2018,8701829607,83.78539188
Ethereum,ETH,12/18/2018,9748241748,93.84370105
Ethereum,ETH,12/19/2018,10418474339,100.2777051
Ethereum,ETH,12/20/2018,10386255276,99.94950497
Ethereum,ETH,12/21/2018,11857187220,114.0839749
Ethereum,ETH,12/22/2018,11207354935,107.8118621
Ethereum,ETH,12/23/2018,11980699001,115.2303159
Ethereum,ETH,12/24/2018,13486962479,129.6937954
Ethereum,ETH,12/25/2018,14600122556,140.3724494
Ethereum,ETH,12/26/2018,13307387145,127.9198144
Ethereum,ETH,12/27/2018,13558446497,130.3094512
Ethereum,ETH,12/28/2018,11875860478,114.1173966
Ethereum,ETH,12/29/2018,14074754017,135.2220918
Ethereum,ETH,12/30/2018,14584992387,140.0987984
Ethereum,ETH,12/31/2018,14410947322,138.4017162
Litecoin,LTC,1/1/2018,12499367173,229.0352734
Litecoin,LTC,1/2/2018,12272290749,224.8172239
Litecoin,LTC,1/3/2018,13679006608,250.5208951
Litecoin,LTC,1/4/2018,13289238583,243.3128439
Litecoin,LTC,1/5/2018,12912621063,236.355791
Litecoin,LTC,1/6/2018,13307570888,243.5221991
Litecoin,LTC,1/7/2018,15211680050,278.2988823
Litecoin,LTC,1/8/2018,14856960588,271.7395367
Litecoin,LTC,1/9/2018,13843877382,253.1474628
Litecoin,LTC,1/10/2018,13411894683,245.1860718
Litecoin,LTC,1/11/2018,13452480614,245.8620738
Litecoin,LTC,1/12/2018,12253189463,223.8876727
Litecoin,LTC,1/13/2018,12854848641,234.8198133
Litecoin,LTC,1/14/2018,14087266175,257.2583978
Litecoin,LTC,1/15/2018,13095319680,239.0826844
Litecoin,LTC,1/16/2018,12742493883,232.5759266
Litecoin,LTC,1/17/2018,10354491435,188.9380471
Litecoin,LTC,1/18/2018,10262027341,187.2009012
Litecoin,LTC,1/19/2018,10507793688,191.632632
Litecoin,LTC,1/20/2018,10521013995,191.8230952
Litecoin,LTC,1/21/2018,11542933587,210.4010294
Litecoin,LTC,1/22/2018,10411699967,189.7309332
Litecoin,LTC,1/23/2018,9781926643,178.2082244
Litecoin,LTC,1/24/2018,9771199586,177.9647323
Litecoin,LTC,1/25/2018,9850623661,179.3642564
Litecoin,LTC,1/26/2018,9826827928,178.8778019
Litecoin,LTC,1/27/2018,9634768695,175.3306022
Litecoin,LTC,1/28/2018,9856165473,179.312607
Litecoin,LTC,1/29/2018,10525213190,191.4302208
Litecoin,LTC,1/30/2018,9865282246,179.3769763
Litecoin,LTC,1/31/2018,9002062445,163.6408125
Litecoin,LTC,2/1/2018,8857083553,160.9595007
Litecoin,LTC,2/2/2018,7770879266,141.1840882
Litecoin,LTC,2/3/2018,7190549348,130.6034915
Litecoin,LTC,2/4/2018,8651717403,157.1001989
Litecoin,LTC,2/5/2018,8228421760,149.3736047
Litecoin,LTC,2/6/2018,6852677763,124.3624692
Litecoin,LTC,2/7/2018,7886702791,143.0908969
Litecoin,LTC,2/8/2018,7638633094,138.5506252
Litecoin,LTC,2/9/2018,8214545631,148.9566905
Litecoin,LTC,2/10/2018,8954075994,162.326773
Litecoin,LTC,2/11/2018,8552346179,155.0028618
Litecoin,LTC,2/12/2018,8287322035,150.159758
Litecoin,LTC,2/13/2018,8936647361,161.8807317
Litecoin,LTC,2/14/2018,8763028909,158.6938647
Litecoin,LTC,2/15/2018,11757117399,212.8589599
Litecoin,LTC,2/16/2018,12287776287,222.4078875
Litecoin,LTC,2/17/2018,12656243877,229.0138081
Litecoin,LTC,2/18/2018,12682853906,229.4333523
Litecoin,LTC,2/19/2018,11878128989,214.8216337
Litecoin,LTC,2/20/2018,12258544335,221.642902
Litecoin,LTC,2/21/2018,12695616083,229.4842583
Litecoin,LTC,2/22/2018,11660193342,210.7117251
Litecoin,LTC,2/23/2018,10745471436,194.1288717
Litecoin,LTC,2/24/2018,11476320733,207.2797685
Litecoin,LTC,2/25/2018,11413475720,206.0923933
Litecoin,LTC,2/26/2018,12052412713,217.5729657
Litecoin,LTC,2/27/2018,12125904080,218.8425629
Litecoin,LTC,2/28/2018,11950775516,215.6255961
Litecoin,LTC,3/1/2018,11221147977,202.4085658
Litecoin,LTC,3/2/2018,11604610046,209.2688835
Litecoin,LTC,3/3/2018,11676812171,210.5137892
Litecoin,LTC,3/4/2018,11659124382,210.141016
Litecoin,LTC,3/5/2018,11780403036,212.2667495
Litecoin,LTC,3/6/2018,11700508816,210.7678251
Litecoin,LTC,3/7/2018,10880625235,195.9441811
Litecoin,LTC,3/8/2018,10324895937,185.8875168
Litecoin,LTC,3/9/2018,9795978839,176.3211837
Litecoin,LTC,3/10/2018,10378334824,186.7528714
Litecoin,LTC,3/11/2018,9876008208,177.6674817
Litecoin,LTC,3/12/2018,10444556475,187.8462172
Litecoin,LTC,3/13/2018,9935994109,178.6489954
Litecoin,LTC,3/14/2018,9775588222,175.7213788
Litecoin,LTC,3/15/2018,8953470979,160.902821
Litecoin,LTC,3/16/2018,9167428318,164.7013046
Litecoin,LTC,3/17/2018,9251135297,166.1618169
Litecoin,LTC,3/18/2018,8514448468,152.8913599
Litecoin,LTC,3/19/2018,8561721166,153.6999952
Litecoin,LTC,3/20/2018,8911436641,159.9383201
Litecoin,LTC,3/21/2018,9386910820,168.4274735
Litecoin,LTC,3/22/2018,9368001123,168.0417475
Litecoin,LTC,3/23/2018,9128234244,163.6953332
Litecoin,LTC,3/24/2018,9292461862,166.5951428
Litecoin,LTC,3/25/2018,8926745883,159.9937729
Litecoin,LTC,3/26/2018,8924901068,159.9180019
Litecoin,LTC,3/27/2018,8328183777,149.1849473
Litecoin,LTC,3/28/2018,7611937514,136.3194147
Litecoin,LTC,3/29/2018,7332779093,131.2849189
Litecoin,LTC,3/30/2018,6461901319,115.6617471
Litecoin,LTC,3/31/2018,6609052906,118.2635478
Litecoin,LTC,4/1/2018,6489206073,116.087309
Litecoin,LTC,4/2/2018,6409358980,114.6288593
Litecoin,LTC,4/3/2018,6634623512,118.6266514
Litecoin,LTC,4/4/2018,7506932238,134.1876076
Litecoin,LTC,4/5/2018,6605912996,118.0488799
Litecoin,LTC,4/6/2018,6671640120,119.1907407
Litecoin,LTC,4/7/2018,6326188368,112.9913408
Litecoin,LTC,4/8/2018,6484647214,115.7909999
Litecoin,LTC,4/9/2018,6583432105,117.5251733
Litecoin,LTC,4/10/2018,6416537191,114.5154648
Litecoin,LTC,4/11/2018,6388736098,113.9935651
Litecoin,LTC,4/12/2018,6574725798,117.2799864
Litecoin,LTC,4/13/2018,7253250403,129.3499393
Litecoin,LTC,4/14/2018,7072950891,126.1015327
Litecoin,LTC,4/15/2018,7095539359,126.4689122
Litecoin,LTC,4/16/2018,7422002778,132.2538784
Litecoin,LTC,4/17/2018,7213655637,128.5077596
Litecoin,LTC,4/18/2018,7462492748,132.904506
Litecoin,LTC,4/19/2018,7888239388,140.4477033
Litecoin,LTC,4/20/2018,8209395328,146.1274763
Litecoin,LTC,4/21/2018,8745094402,155.6202767
Litecoin,LTC,4/22/2018,8327370082,148.1439044
Litecoin,LTC,4/23/2018,8256380363,146.8416168
Litecoin,LTC,4/24/2018,8552771321,152.0708059
Litecoin,LTC,4/25/2018,9299300549,165.3058867
Litecoin,LTC,4/26/2018,8155245343,144.9317464
Litecoin,LTC,4/27/2018,8656728960,153.8036635
Litecoin,LTC,4/28/2018,8240507082,146.3684275
Litecoin,LTC,4/29/2018,8555541313,151.9237439
Litecoin,LTC,4/30/2018,8638191965,153.3474914
Litecoin,LTC,5/1/2018,8341946437,148.0489072
Litecoin,LTC,5/2/2018,8340645025,147.9901562
Litecoin,LTC,5/3/2018,8522039449,151.1699245
Litecoin,LTC,5/4/2018,9092572367,161.247605
Litecoin,LTC,5/5/2018,9540959283,169.1510743
Litecoin,LTC,5/6/2018,10005616079,177.3391129
Litecoin,LTC,5/7/2018,9668408745,171.3176013
Litecoin,LTC,5/8/2018,9264840553,164.1241892
Litecoin,LTC,5/9/2018,9004080239,159.463223
Litecoin,LTC,5/10/2018,8841433100,156.541278
Litecoin,LTC,5/11/2018,8426112289,149.147776
Litecoin,LTC,5/12/2018,7733320804,136.8499045
Litecoin,LTC,5/13/2018,8034730950,142.1442079
Litecoin,LTC,5/14/2018,8180446343,144.685616
Litecoin,LTC,5/15/2018,8335898632,147.397849
Litecoin,LTC,5/16/2018,7892298056,139.5159799
Litecoin,LTC,5/17/2018,7862797583,138.9583762
Litecoin,LTC,5/18/2018,7488987664,132.3177571
Litecoin,LTC,5/19/2018,7692850946,135.8875047
Litecoin,LTC,5/20/2018,7626248351,134.6743928
Litecoin,LTC,5/21/2018,7880209409,139.1237951
Litecoin,LTC,5/22/2018,7626988876,134.6171034
Litecoin,LTC,5/23/2018,7273564581,128.3438481
Litecoin,LTC,5/24/2018,6735663098,118.8209415
Litecoin,LTC,5/25/2018,6966341997,122.8601231
Litecoin,LTC,5/26/2018,6706839862,118.2557934
Litecoin,LTC,5/27/2018,6701614409,118.1339755
Litecoin,LTC,5/28/2018,6677162011,117.6733255
Litecoin,LTC,5/29/2018,6301358387,111.0224635
Litecoin,LTC,5/30/2018,6777688709,119.3879146
Litecoin,LTC,5/31/2018,6657320437,117.2386829
Litecoin,LTC,6/1/2018,6703725092,118.0268445
Litecoin,LTC,6/2/2018,6814380921,119.9461898
Litecoin,LTC,6/3/2018,7007652346,123.3173694
Litecoin,LTC,6/4/2018,7106550686,125.0264936
Litecoin,LTC,6/5/2018,6794681577,119.5060465
Litecoin,LTC,6/6/2018,6928035886,121.8174389
Litecoin,LTC,6/7/2018,6896952311,121.2375798
Litecoin,LTC,6/8/2018,6904589031,121.340893
Litecoin,LTC,6/9/2018,6827540051,119.956218
Litecoin,LTC,6/10/2018,6711291345,117.8847424
Litecoin,LTC,6/11/2018,6050001972,106.2433516
Litecoin,LTC,6/12/2018,6084607814,106.8222657
Litecoin,LTC,6/13/2018,5657690684,99.30257734
Litecoin,LTC,6/14/2018,5329322179,93.51630838
Litecoin,LTC,6/15/2018,5727305960,100.4763492
Litecoin,LTC,6/16/2018,5437369458,95.36612352
Litecoin,LTC,6/17/2018,5505538169,96.53688864
Litecoin,LTC,6/18/2018,5417259868,94.96565985
Litecoin,LTC,6/19/2018,5624956711,98.58247628
Litecoin,LTC,6/20/2018,5622906937,98.5222921
Litecoin,LTC,6/21/2018,5582358104,97.78645397
Litecoin,LTC,6/22/2018,5520790144,96.68455043
Litecoin,LTC,6/23/2018,4856892594,85.03691483
Litecoin,LTC,6/24/2018,4743913856,83.03789063
Litecoin,LTC,6/25/2018,4613430473,80.73326571
Litecoin,LTC,6/26/2018,4666178400,81.637155
Litecoin,LTC,6/27/2018,4358169015,76.23117002
Litecoin,LTC,6/28/2018,4617202960,80.74318767
Litecoin,LTC,6/29/2018,4263211655,74.5329646
Litecoin,LTC,6/30/2018,4551269253,79.54736356
Litecoin,LTC,7/1/2018,4621603539,80.75683934
Litecoin,LTC,7/2/2018,4573278148,79.89429873
Litecoin,LTC,7/3/2018,4891993351,85.44215374
Litecoin,LTC,7/4/2018,4857300871,84.81655947
Litecoin,LTC,7/5/2018,4887951749,85.33195733
Litecoin,LTC,7/6/2018,4764535284,83.15609696
Litecoin,LTC,7/7/2018,4754590384,82.9609531
Litecoin,LTC,7/8/2018,4820766863,84.09352035
Litecoin,LTC,7/9/2018,4719495281,82.30452235
Litecoin,LTC,7/10/2018,4614130958,80.44894783
Litecoin,LTC,7/11/2018,4344008211,75.72098048
Litecoin,LTC,7/12/2018,4479994254,78.07228469
Litecoin,LTC,7/13/2018,4343736986,75.67852469
Litecoin,LTC,7/14/2018,4388645064,76.44115616
Litecoin,LTC,7/15/2018,4377799302,76.23216224
Litecoin,LTC,7/16/2018,4498272264,78.30838716
Litecoin,LTC,7/17/2018,4794193266,83.43800874
Litecoin,LTC,7/18/2018,5113956959,88.98040273
Litecoin,LTC,7/19/2018,4966193413,86.38789332
Litecoin,LTC,7/20/2018,4950135421,86.08793317
Litecoin,LTC,7/21/2018,4698987906,81.70153576
Litecoin,LTC,7/22/2018,4812089965,83.64881234
Litecoin,LTC,7/23/2018,4732578476,82.24460742
Litecoin,LTC,7/24/2018,4686207707,81.41647351
Litecoin,LTC,7/25/2018,5128655818,89.0793022
Litecoin,LTC,7/26/2018,4986261248,86.58181048
Litecoin,LTC,7/27/2018,4799493849,83.32010408
Litecoin,LTC,7/28/2018,4864908599,84.43493849
Litecoin,LTC,7/29/2018,4832123536,83.8444232
Litecoin,LTC,7/30/2018,4842217746,84.00149892
Litecoin,LTC,7/31/2018,4737543726,82.16671974
Litecoin,LTC,8/1/2018,4537043881,78.67327011
Litecoin,LTC,8/2/2018,4474299897,77.56567313
Litecoin,LTC,8/3/2018,4396905774,76.20604841
Litecoin,LTC,8/4/2018,4478143878,77.59468065
Litecoin,LTC,8/5/2018,4216480972,73.04187968
Litecoin,LTC,8/6/2018,4306720416,74.58593824
Litecoin,LTC,8/7/2018,4253338190,73.64154251
Litecoin,LTC,8/8/2018,3914347921,67.75505127
Litecoin,LTC,8/9/2018,3585576406,62.04718758
Litecoin,LTC,8/10/2018,3675003054,63.57994242
Litecoin,LTC,8/11/2018,3406859162,58.92788022
Litecoin,LTC,8/12/2018,3384330348,58.525448
Litecoin,LTC,8/13/2018,3431080941,59.32018864
Litecoin,LTC,8/14/2018,3274423125,56.59792394
Litecoin,LTC,8/15/2018,3123702457,53.97949028
Litecoin,LTC,8/16/2018,3147339549,54.37508071
Litecoin,LTC,8/17/2018,3186362674,55.03683229
Litecoin,LTC,8/18/2018,3547822517,61.26349806
Litecoin,LTC,8/19/2018,3315731327,57.24155824
Litecoin,LTC,8/20/2018,3355116992,57.90617783
Litecoin,LTC,8/21/2018,3106733634,53.60603716
Litecoin,LTC,8/22/2018,3274576973,56.4880545
Litecoin,LTC,8/23/2018,3199507159,55.1794755
Litecoin,LTC,8/24/2018,3314494917,57.14843892
Litecoin,LTC,8/25/2018,3359396417,57.90730347
Litecoin,LTC,8/26/2018,3359150272,57.88933997
Litecoin,LTC,8/27/2018,3300659321,56.86745449
Litecoin,LTC,8/28/2018,3499081273,60.27186353
Litecoin,LTC,8/29/2018,3677558779,63.32975804
Litecoin,LTC,8/30/2018,3571976424,61.49660835
Litecoin,LTC,8/31/2018,3487379716,60.02532721
Litecoin,LTC,9/1/2018,3609410039,62.10956307
Litecoin,LTC,9/2/2018,3852690333,66.28034063
Litecoin,LTC,9/3/2018,3844989409,66.13084814
Litecoin,LTC,9/4/2018,3800679817,65.3529087
Litecoin,LTC,9/5/2018,3939526138,67.72247514
Litecoin,LTC,9/6/2018,3415747934,58.70460838
Litecoin,LTC,9/7/2018,3335718372,57.31573767
Litecoin,LTC,9/8/2018,3250965788,55.84506528
Litecoin,LTC,9/9/2018,3090480770,53.07546786
Litecoin,LTC,9/10/2018,3191418131,54.79509458
Litecoin,LTC,9/11/2018,3149872757,54.06808799
Litecoin,LTC,9/12/2018,3015278488,51.74554201
Litecoin,LTC,9/13/2018,3012514053,51.68515141
Litecoin,LTC,9/14/2018,3188480113,54.69009421
Litecoin,LTC,9/15/2018,3313285932,56.81673171
Litecoin,LTC,9/16/2018,3302326555,56.61537664
Litecoin,LTC,9/17/2018,3316132098,56.8384666
Litecoin,LTC,9/18/2018,3048907418,52.24429173
Litecoin,LTC,9/19/2018,3159247589,54.12326116
Litecoin,LTC,9/20/2018,3158998395,54.10501887
Litecoin,LTC,9/21/2018,3302856450,56.55424005
Litecoin,LTC,9/22/2018,3550725851,60.78241113
Litecoin,LTC,9/23/2018,3534752048,60.49309704
Litecoin,LTC,9/24/2018,3596206018,61.52985624
Litecoin,LTC,9/25/2018,3384108772,57.88685604
Litecoin,LTC,9/26/2018,3352892814,57.34021437
Litecoin,LTC,9/27/2018,3350976898,57.29370693
Litecoin,LTC,9/28/2018,3694366269,63.14805654
Litecoin,LTC,9/29/2018,3616141521,61.79658996
Litecoin,LTC,9/30/2018,3597666182,61.46481858
Litecoin,LTC,10/1/2018,3573014408,61.02819478
Litecoin,LTC,10/2/2018,3514467907,60.01400533
Litecoin,LTC,10/3/2018,3478558188,59.38749097
Litecoin,LTC,10/4/2018,3349741978,57.17542295
Litecoin,LTC,10/5/2018,3399111026,58.00385185
Litecoin,LTC,10/6/2018,3430005081,58.51633732
Litecoin,LTC,10/7/2018,3376169971,57.58329037
Litecoin,LTC,10/8/2018,3396123383,57.90822886
Litecoin,LTC,10/9/2018,3469534843,59.14584337
Litecoin,LTC,10/10/2018,3427660627,58.41793882
Litecoin,LTC,10/11/2018,3370403388,57.42807774
Litecoin,LTC,10/12/2018,2979661288,50.7574062
Litecoin,LTC,10/13/2018,3111178628,52.98520858
Litecoin,LTC,10/14/2018,3104197802,52.85270678
Litecoin,LTC,10/15/2018,3018228785,51.375969
Litecoin,LTC,10/16/2018,3149323240,53.59433087
Litecoin,LTC,10/17/2018,3120157663,53.08564502
Litecoin,LTC,10/18/2018,3104336073,52.80267009
Litecoin,LTC,10/19/2018,3041136049,51.71635455
Litecoin,LTC,10/20/2018,3084253554,52.43708732
Litecoin,LTC,10/21/2018,3108633426,52.83898361
Litecoin,LTC,10/22/2018,3072014338,52.20372886
Litecoin,LTC,10/23/2018,3045124344,51.73407504
Litecoin,LTC,10/24/2018,3066746256,52.08920064
Litecoin,LTC,10/25/2018,3053249246,51.84773274
Litecoin,LTC,10/26/2018,3050164801,51.78449515
Litecoin,LTC,10/27/2018,3039674909,51.59365702
Litecoin,LTC,10/28/2018,3034643849,51.49475882
Litecoin,LTC,10/29/2018,3027573941,51.3622393
Litecoin,LTC,10/30/2018,2869256153,48.66486929
Litecoin,LTC,10/31/2018,2884370183,48.90924917
Litecoin,LTC,11/1/2018,2917286570,49.45589087
Litecoin,LTC,11/2/2018,2956454510,50.10808571
Litecoin,LTC,11/3/2018,3014910973,51.08683351
Litecoin,LTC,11/4/2018,2988378243,50.62431217
Litecoin,LTC,11/5/2018,3182395456,53.8970712
Litecoin,LTC,11/6/2018,3146847556,53.2824208
Litecoin,LTC,11/7/2018,3279998139,55.52310666
Litecoin,LTC,11/8/2018,3176588862,53.75939839
Litecoin,LTC,11/9/2018,3077062948,52.06298816
Litecoin,LTC,11/10/2018,3045296923,51.51311817
Litecoin,LTC,11/11/2018,3063094126,51.8017262
Litecoin,LTC,11/12/2018,2989245533,50.54097132
Litecoin,LTC,11/13/2018,2968014886,50.16884316
Litecoin,LTC,11/14/2018,2894384914,48.91260609
Litecoin,LTC,11/15/2018,2519273026,42.56400838
Litecoin,LTC,11/16/2018,2558172904,43.21063147
Litecoin,LTC,11/17/2018,2466286407,41.64847996
Litecoin,LTC,11/18/2018,2457107972,41.48392019
Litecoin,LTC,11/19/2018,2471919758,41.72479793
Litecoin,LTC,11/20/2018,2139667738,36.10898831
Litecoin,LTC,11/21/2018,1904651467,32.13540175
Litecoin,LTC,11/22/2018,2024357030,34.14720307
Litecoin,LTC,11/23/2018,1887021292,31.8237827
Litecoin,LTC,11/24/2018,1884760184,31.77830792
Litecoin,LTC,11/25/2018,1703188638,28.71058597
Litecoin,LTC,11/26/2018,1806977462,30.45373325
Litecoin,LTC,11/27/2018,1715784759,28.91114871
Litecoin,LTC,11/28/2018,1830550033,30.83805729
Litecoin,LTC,11/29/2018,2028193279,34.15975193
Litecoin,LTC,11/30/2018,1988991445,33.49134593
Litecoin,LTC,12/1/2018,1878439369,31.62193698
Litecoin,LTC,12/2/2018,2006104460,33.76260211
Litecoin,LTC,12/3/2018,1977389631,33.27094828
Litecoin,LTC,12/4/2018,1820804260,30.628226
Litecoin,LTC,12/5/2018,1823549240,30.66716509
Litecoin,LTC,12/6/2018,1715868652,28.84960991
Litecoin,LTC,12/7/2018,1576417747,26.4989939
Litecoin,LTC,12/8/2018,1474927491,24.78744932
Litecoin,LTC,12/9/2018,1443262076,24.24972138
Litecoin,LTC,12/10/2018,1508688556,25.34308907
Litecoin,LTC,12/11/2018,1431817085,24.0466751
Litecoin,LTC,12/12/2018,1385133800,23.25714458
Litecoin,LTC,12/13/2018,1429241647,23.99155569
Litecoin,LTC,12/14/2018,1361927363,22.85611729
Litecoin,LTC,12/15/2018,1380269882,23.1585523
Litecoin,LTC,12/16/2018,1396552522,23.42644071
Litecoin,LTC,12/17/2018,1505264876,25.24431709
Litecoin,LTC,12/18/2018,1722754015,28.8854726
Litecoin,LTC,12/19/2018,1782795746,29.88507886
Litecoin,LTC,12/20/2018,1740842033,29.17378676
Litecoin,LTC,12/21/2018,1922977179,32.21716462
Litecoin,LTC,12/22/2018,1802301065,30.18701168
Litecoin,LTC,12/23/2018,1875713226,31.40879087
Litecoin,LTC,12/24/2018,1980390691,33.15381352
Litecoin,LTC,12/25/2018,2007401936,33.59830418
Litecoin,LTC,12/26/2018,1828346841,30.5942017
Litecoin,LTC,12/27/2018,1822064903,30.48167581
Litecoin,LTC,12/28/2018,1655994193,27.69712209
Litecoin,LTC,12/29/2018,1909454290,31.92840688
Litecoin,LTC,12/30/2018,1894023024,31.66238281
Litecoin,LTC,12/31/2018,1886632523,31.53119276
